{"Q_Matrix": [[-0.0009829961621801624, 5.719182207124419e-05, 6.641630428536166e-05, 4.6236829550425614e-05], [5.719182207124419e-05, 0.000276751338818291, 6.53915590604153e-05, 5.0748713600451986e-05], [6.641630428536166e-05, 6.53915590604153e-05, -0.0006072041932508106, 5.0332916805967595e-05], [4.6236829550425614e-05, 5.0748713600451986e-05, 5.0332916805967595e-05, -0.00010267549552960684]], "linear_terms": {"0": -0.0009829961621801624, "1": 0.000276751338818291, "2": -0.0006072041932508106, "3": -0.00010267549552960684}, "quadratic_terms": {