Asset_i,Asset_j,Quadratic_Coefficient
0,1,0.0016520817331365065
0,2,0.001132223303522791
0,3,0.0022555330284291203
0,4,0.002953697267143775
1,2,0.0007665606270898725
1,3,0.0018395242067337733
1,4,0.001854882775149224
2,3,0.0006588183728130718
2,4,0.0012001677005071467
3,4,0.002350148822450233
