Asset_Index,Linear_Coefficient
0,0.0027327356008318465
1,0.0021403648708280118
2,0.00430355462588334
3,0.007052738684967216
4,0.003190949391576963
